"","effect","b.lab","b.parm","b","ci.lb","ci.ub","pval","tau","I2","QEp","AICc"
"1","Latency last trial log(Ratio of mean)x100","Overall","intrcpt",26.6942343226007,16.7852409644591,36.6032276807422,1.29165890577998e-07,6.35786834234604,42.2660206484439,0.120717856315522,41.1493301260178
"2","Latency last trial log(Ratio of mean)x100","Trend in log10(dose)","log10(dose)",23.9203243123563,0.0107429280980149,47.8299056966146,0.0498971505765782,0.00168947303073073,3.99676190652566e-06,0.372540756726916,46.4785638919862
"3","Latency last trial log(Ratio of mean)x100","Linear in dose10","dose10",7.69672548128785,5.31705141667047,10.0763995459052,2.30914083128674e-10,4.00823302614826,22.1372496698472,0.155188437335881,41.3288376037791
"4","Latency last trial log(Ratio of mean)x100","LinearQuadratic in dose10","dose10",14.6846330597631,5.98235153164634,23.3869145878798,0.000941885033966499,0.00155372531749916,3.2086254201908e-06,0.273725020245176,46.9409876300066
"5","Latency last trial log(Ratio of mean)x100","LinearQuadratic in dose10","I(dose10^2)",-1.5995413674967,-3.52663548144479,0.32755274645139,0.10377442583444,0.00155372531749916,3.2086254201908e-06,0.273725020245176,46.9409876300066
"6","Latency last trial log(Ratio of mean)x100","Highest Doses-Overall","intrcpt",39.6114871963778,9.96123861420421,69.2617357785514,0.00883355190735652,14.8996469421041,18.9491338960479,0.266670635119427,25.9039640616273
"7","Latency last trial log(Ratio of mean)x100","Highest Doses-Linear in dose10","dose10",9.78943651156666,-9.05660869947526,28.6354817226086,0.308635872460847,49.9089366642931,60.714012351423,0.110613314140144,27.1572728913682
