"","effect","b.lab","b.parm","b","ci.lb","ci.ub","pval","tau","I2","QEp","AICc"
"1","Latency last trial log(Ratio of mean)x100","Overall","intrcpt",25.4039976910997,-0.180438755139651,50.9884341373391,0.051637805667763,0,0,0.819560716117907,32.5621579346406
"2","Latency last trial log(Ratio of mean)x100","Trend in log10(dose)","log10(dose)",14.0256073920141,-30.9357778597129,58.9869926437412,0.540930468786027,0,0,0.876489595894927,38.1596827596387
"3","Latency last trial log(Ratio of mean)x100","Linear in dose10","dose10",41.1727420703609,-4.69034591123098,87.0358300519528,0.0784889634239105,0,0,0.579980303713121,33.3832646265716
"4","Latency last trial log(Ratio of mean)x100","LinearQuadratic in dose10","dose10",304.470495570461,-193.625766410873,802.566757551794,0.230892098025658,0,0,0.933616217302071,38.1701638060041
"5","Latency last trial log(Ratio of mean)x100","LinearQuadratic in dose10","I(dose10^2)",-295.304514135986,-851.576723696789,260.967695424816,0.298120203848663,0,0,0.933616217302071,38.1701638060041
